epoch,loss,lr,my_iou_metric,val_loss,val_my_iou_metric
0,0.3882843356579542,0.01,0.42954687500000005,0.7294673025608063,0.145125
1,0.3077382885664701,0.01,0.5257500000000002,0.4973908305168152,0.069
